{"$schema":"http://schema.management.azure.com/schemas/2015-01-01/deploymentTemplate.json#","contentVersion":"1.0.0.0","parameters":{"projectDB":{"type":"string"},"Rk_Bank_proj_Bronze":{"type":"string"}},"variables":{},"resources":[{"name":"RK_PL_Ingest_onpremise","type":"pipelines","apiVersion":"2018-06-01","properties":{"activities":[{"name":"Copy_bank_data","type":"Copy","dependsOn":[],"policy":{"timeout":"0.12:00:00","retry":0,"retryIntervalInSeconds":30,"secureOutput":false,"secureInput":false},"typeProperties":{"source":{"type":"SqlServerSource","queryTimeout":"02:00:00","partitionOption":"None","datasetSettings":{"annotations":[],"type":"SqlServerTable","schema":[],"typeProperties":{"schema":"dbo","table":"bank_data","database":"project_DB"},"externalReferences":{"connection":"[parameters('projectDB')]"}}},"sink":{"type":"ParquetSink","storeSettings":{"type":"LakehouseWriteSettings"},"formatSettings":{"type":"ParquetWriteSettings","enableVertiParquet":true},"datasetSettings":{"annotations":[],"linkedService":{"name":"Rk_Bank_proj_Bronze","properties":{"annotations":[],"type":"Lakehouse","typeProperties":{"workspaceId":"cc7fc8ef-05a5-4260-9f03-ba315c3d1a79","artifactId":"[parameters('Rk_Bank_proj_Bronze')]","rootFolder":"Files"}}},"type":"Parquet","typeProperties":{"location":{"type":"LakehouseLocation","folderPath":"bronzeFinanceData"},"compressionCodec":"snappy"},"schema":[]}},"enableStaging":false,"translator":{"type":"TabularTranslator","mappings":[{"source":{"name":"Branch_ID","type":"String","physicalType":"varchar","length":"50"},"sink":{"name":"Branch_ID","type":"String","physicalType":"STRING"}},{"source":{"name":"City","type":"String","physicalType":"varchar","length":"50"},"sink":{"name":"City","type":"String","physicalType":"STRING"}},{"source":{"name":"Region","type":"String","physicalType":"varchar","length":"50"},"sink":{"name":"Region","type":"String","physicalType":"STRING"}},{"source":{"name":"Firm_Revenue","type":"Decimal","physicalType":"decimal","scale":0,"precision":18},"sink":{"name":"Firm_Revenue","type":"Decimal","physicalType":"DECIMAL"}},{"source":{"name":"Expenses","type":"Decimal","physicalType":"decimal","scale":0,"precision":18},"sink":{"name":"Expenses","type":"Decimal","physicalType":"DECIMAL"}},{"source":{"name":"Profit_Margin","type":"Single","physicalType":"real"},"sink":{"name":"Profit_Margin","type":"Single","physicalType":"FLOAT"}}],"typeConversion":true,"typeConversionSettings":{"allowDataTruncation":true,"treatBooleanAsNumber":false}}}},{"name":"Copy_cust_data","type":"Copy","dependsOn":[{"activity":"Copy_bank_data","dependencyConditions":["Succeeded"]}],"policy":{"timeout":"0.12:00:00","retry":0,"retryIntervalInSeconds":30,"secureOutput":false,"secureInput":false},"typeProperties":{"source":{"type":"SqlServerSource","queryTimeout":"02:00:00","partitionOption":"None","datasetSettings":{"annotations":[],"type":"SqlServerTable","schema":[],"typeProperties":{"schema":"dbo","table":"customer_data","database":"project_DB"},"externalReferences":{"connection":"[parameters('projectDB')]"}}},"sink":{"type":"ParquetSink","storeSettings":{"type":"LakehouseWriteSettings"},"formatSettings":{"type":"ParquetWriteSettings","enableVertiParquet":true},"datasetSettings":{"annotations":[],"linkedService":{"name":"Rk_Bank_proj_Bronze","properties":{"annotations":[],"type":"Lakehouse","typeProperties":{"workspaceId":"cc7fc8ef-05a5-4260-9f03-ba315c3d1a79","artifactId":"[parameters('Rk_Bank_proj_Bronze')]","rootFolder":"Files"}}},"type":"Parquet","typeProperties":{"location":{"type":"LakehouseLocation","folderPath":"bronzeFinanceData"},"compressionCodec":"snappy"},"schema":[]}},"enableStaging":false,"translator":{"type":"TabularTranslator","mappings":[{"source":{"name":"Customer_ID","type":"Int32","physicalType":"int"},"sink":{"name":"Customer_ID","type":"Int32","physicalType":"INT_32"}},{"source":{"name":"Age","type":"Byte","physicalType":"tinyint"},"sink":{"name":"Age","type":"Byte","physicalType":"UINT_8"}},{"source":{"name":"Customer_Type","type":"String","physicalType":"nvarchar","length":"50"},"sink":{"name":"Customer_Type","type":"String","physicalType":"STRING"}},{"source":{"name":"City","type":"String","physicalType":"nvarchar","length":"50"},"sink":{"name":"City","type":"String","physicalType":"STRING"}},{"source":{"name":"Region","type":"String","physicalType":"nvarchar","length":"50"},"sink":{"name":"Region","type":"String","physicalType":"STRING"}},{"source":{"name":"Bank_Name","type":"String","physicalType":"nvarchar","length":"50"},"sink":{"name":"Bank_Name","type":"String","physicalType":"STRING"}},{"source":{"name":"Branch_ID","type":"String","physicalType":"varchar","length":"50"},"sink":{"name":"Branch_ID","type":"String","physicalType":"STRING"}}],"typeConversion":true,"typeConversionSettings":{"allowDataTruncation":true,"treatBooleanAsNumber":false}}}},{"name":"Copy_transact_data","type":"Copy","dependsOn":[{"activity":"Copy_cust_data","dependencyConditions":["Succeeded"]}],"policy":{"timeout":"0.12:00:00","retry":0,"retryIntervalInSeconds":30,"secureOutput":false,"secureInput":false},"typeProperties":{"source":{"type":"SqlServerSource","queryTimeout":"02:00:00","partitionOption":"None","datasetSettings":{"annotations":[],"type":"SqlServerTable","schema":[],"typeProperties":{"schema":"dbo","table":"transaction_data","database":"project_DB"},"externalReferences":{"connection":"[parameters('projectDB')]"}}},"sink":{"type":"ParquetSink","storeSettings":{"type":"LakehouseWriteSettings"},"formatSettings":{"type":"ParquetWriteSettings","enableVertiParquet":true},"datasetSettings":{"annotations":[],"linkedService":{"name":"Rk_Bank_proj_Bronze","properties":{"annotations":[],"type":"Lakehouse","typeProperties":{"workspaceId":"cc7fc8ef-05a5-4260-9f03-ba315c3d1a79","artifactId":"[parameters('Rk_Bank_proj_Bronze')]","rootFolder":"Files"}}},"type":"Parquet","typeProperties":{"location":{"type":"LakehouseLocation","folderPath":"bronzeFinanceData"},"compressionCodec":"snappy"},"schema":[]}},"enableStaging":false,"translator":{"type":"TabularTranslator","mappings":[{"source":{"name":"Transaction_ID","type":"Int32","physicalType":"int"},"sink":{"name":"Transaction_ID","type":"Int32","physicalType":"INT_32"}},{"source":{"name":"Customer_ID","type":"Int32","physicalType":"int"},"sink":{"name":"Customer_ID","type":"Int32","physicalType":"INT_32"}},{"source":{"name":"Account_Type","type":"String","physicalType":"varchar","length":"50"},"sink":{"name":"Account_Type","type":"String","physicalType":"STRING"}},{"source":{"name":"Total_Balance","type":"Int32","physicalType":"int"},"sink":{"name":"Total_Balance","type":"Int32","physicalType":"INT_32"}},{"source":{"name":"Transaction_Amount","type":"Double","physicalType":"float"},"sink":{"name":"Transaction_Amount","type":"Double","physicalType":"DOUBLE"}},{"source":{"name":"Investment_Amount","type":"Int32","physicalType":"int"},"sink":{"name":"Investment_Amount","type":"Int32","physicalType":"INT_32"}},{"source":{"name":"Investment_Type","type":"String","physicalType":"varchar","length":"50"},"sink":{"name":"Investment_Type","type":"String","physicalType":"STRING"}},{"source":{"name":"Transaction_Date","type":"DateTime","physicalType":"datetime2","precision":7},"sink":{"name":"Transaction_Date","type":"DateTime","physicalType":"INT96"}}],"typeConversion":true,"typeConversionSettings":{"allowDataTruncation":true,"treatBooleanAsNumber":false}}}},{"name":"Bronze_to_silver_layer_trannsfomation","type":"TridentNotebook","dependsOn":[{"activity":"Copy_transact_data","dependencyConditions":["Succeeded"]}],"policy":{"timeout":"0.12:00:00","retry":0,"retryIntervalInSeconds":30,"secureOutput":false,"secureInput":false},"typeProperties":{"notebookId":"b1f6f3c9-bf4e-414e-ad49-ea55a95ded67","workspaceId":"cc7fc8ef-05a5-4260-9f03-ba315c3d1a79"}},{"name":"on_Fail","type":"Teams","state":"Inactive","onInactiveMarkAs":"Succeeded","dependsOn":[{"activity":"Copy_bank_data","dependencyConditions":["Failed"]}],"typeProperties":{"inputs":{"method":"post","path":"/beta/teams/conversation/message/poster/{poster}/location/","body":{}}}},{"name":"on_Fail1","type":"Teams","state":"Inactive","onInactiveMarkAs":"Succeeded","dependsOn":[{"activity":"Copy_cust_data","dependencyConditions":["Failed"]}],"typeProperties":{"inputs":{"method":"post","path":"/beta/teams/conversation/message/poster/User/location/Group chat","body":{"recipient":"19:meeting_OTU0MTdlYTEtMjJkMi00ZmY0LWJlMjgtODJiNWViZWU1ZjVh@thread.v2","messageBody":"<p>pipeline failed</p>"}}}},{"name":"on_Fail_copy1","type":"Teams","state":"Inactive","onInactiveMarkAs":"Succeeded","dependsOn":[{"activity":"Copy_transact_data","dependencyConditions":["Failed"]}],"typeProperties":{"inputs":{"method":"post","path":"/beta/teams/conversation/message/poster/User/location/Group chat","body":{"recipient":"19:meeting_OTU0MTdlYTEtMjJkMi00ZmY0LWJlMjgtODJiNWViZWU1ZjVh@thread.v2","messageBody":"<p>pipline failed</p>"}}}},{"name":"on_Fail_","type":"Teams","state":"Inactive","onInactiveMarkAs":"Succeeded","dependsOn":[{"activity":"Bronze_to_silver_layer_trannsfomation","dependencyConditions":["Failed"]}],"typeProperties":{"inputs":{"method":"post","path":"/beta/teams/conversation/message/poster/User/location/Group chat","body":{"recipient":"19:meeting_OTU0MTdlYTEtMjJkMi00ZmY0LWJlMjgtODJiNWViZWU1ZjVh@thread.v2","messageBody":"<p>pipeline failed in note book</p>"}}}},{"name":"on_Fail__copy1","type":"Teams","state":"Inactive","onInactiveMarkAs":"Succeeded","dependsOn":[{"activity":"silver_to_gold_layer_trannsfomation","dependencyConditions":["Failed"]}],"typeProperties":{"inputs":{"method":"post","path":"/beta/teams/conversation/message/poster/User/location/Channel","body":{"recipient":{"groupId":"a3baf793-5b9a-4e9c-a3e3-350849ea3b85","channelId":"19:N5_ciX_8Uw4O5-Oyp-sPg76NUFj5WF-3tkZO5amDXlQ1@thread.tacv2"},"messageBody":"<p>pipeline failed</p>"}}}},{"name":"silver_to_gold_layer_trannsfomation","type":"TridentNotebook","dependsOn":[{"activity":"Bronze_to_silver_layer_trannsfomation","dependencyConditions":["Succeeded"]}],"policy":{"timeout":"0.12:00:00","retry":0,"retryIntervalInSeconds":30,"secureOutput":false,"secureInput":false},"typeProperties":{"notebookId":"6b2a5079-2134-4e1a-bfd0-54b60e1163bb","workspaceId":"cc7fc8ef-05a5-4260-9f03-ba315c3d1a79"}}],"lastModifiedByObjectId":"0824c11e-57ff-40ff-b8a6-72218eb85114","lastPublishTime":"2025-04-05T11:56:11Z","logicAppsConnectionPayload":{"id":"/subscriptions/044fa591-1201-4a7a-8caf-3afd73896eee/resourceGroups/connections-cc7fc8ef-05a5-4260-9f03-ba315c3d1a79/providers/Microsoft.Web/connections/2_e30b038d-20ce-41c6-b762-3f1a0fc3cd9e_0824c11e-57ff-40ff-b8a6-72218eb85114","properties":{"api":{"name":"teams","id":"/subscriptions/044fa591-1201-4a7a-8caf-3afd73896eee/providers/Microsoft.Web/locations/northcentralus/managedApis/teams"}}}},"dependsOn":[]}]}